{
  "version": "1.0",
  "object": {
    "type": "CHART",
    "subtype": "COLUMN_CLUSTERED"
  },
  "layout": {
    "position": {
      "x": 72,
      "y": 72,
      "width": 560,
      "height": 320
    }
  },
  "data": {
    "series": [
      {
        "name": "Revenue",
        "points": [
          {
            "category": "Americas",
            "value": 420
          },
          {
            "category": "EMEA",
            "value": 330
          },
          {
            "category": "APAC",
            "value": 250
          }
        ]
      }
    ]
  },
  "appearance": {
    "common": {
      "title": {
        "text": "Column Clustered"
      },
      "legend": {
        "show": false
      }
    },
    "axes": {
      "value": {
        "min": 0,
        "max": 500,
        "majorUnit": 100,
        "gridlines": "Major"
      }
    },
    "special": {
      "gapWidth": 150,
      "overlap": 0
    }
  }
}