{
  "version": "1.0",
  "object": {
    "type": "CHART",
    "subtype": "LINE_MARKERS"
  },
  "layout": {
    "position": {
      "x": 72,
      "y": 72,
      "width": 560,
      "height": 320
    }
  },
  "data": {
    "series": [
      {
        "name": "Sales",
        "points": [
          {
            "category": "2025-01-01",
            "value": 120
          },
          {
            "category": "2025-02-01",
            "value": 135
          },
          {
            "category": "2025-03-01",
            "value": 150
          },
          {
            "category": "2025-04-01",
            "value": 160
          }
        ]
      }
    ]
  },
  "appearance": {
    "common": {
      "title": {
        "text": "Line with Markers"
      }
    },
    "axes": {
      "category": {
        "scale": "Time",
        "min": "2025-01-01",
        "max": "2025-12-31",
        "majorUnit": 1,
        "majorUnitBase": "Month",
        "gridlines": "Major",
        "dateFormat": "MMM"
      },
      "value": {
        "min": 0,
        "max": 200,
        "majorUnit": 50,
        "minorUnit": 10,
        "gridlines": "Both",
        "numberFormat": "0"
      }
    },
    "special": {
      "markers": {
        "show": true,
        "style": "Square",
        "size": 6
      },
      "smoothed": true
    }
  }
}