{
  "version": "1.0",
  "object": {
    "type": "CHART",
    "subtype": "PIE_3D"
  },
  "layout": {
    "position": {
      "x": 72,
      "y": 72,
      "width": 420,
      "height": 300
    }
  },
  "data": {
    "series": [
      {
        "name": "Mix",
        "points": [
          {
            "category": "Americas",
            "value": 45
          },
          {
            "category": "EMEA",
            "value": 30
          },
          {
            "category": "APAC",
            "value": 25
          }
        ]
      }
    ]
  },
  "appearance": {
    "common": {
      "title": {
        "text": "3D Share"
      },
      "legend": {
        "show": true
      }
    },
    "special": {
      "explode": [
        10,
        0,
        10
      ],
      "enable3D": true
    }
  }
}