{
  "version": "1.0",
  "object": {
    "type": "CHART",
    "subtype": "STOCK_OHLC"
  },
  "layout": {
    "position": {
      "x": 72,
      "y": 72,
      "width": 560,
      "height": 320
    }
  },
  "data": {
    "series": [
      {
        "name": "OHLC",
        "points": [
          {
            "date": "2025-01-02",
            "open": 100,
            "high": 110,
            "low": 95,
            "close": 108
          },
          {
            "date": "2025-01-03",
            "open": 108,
            "high": 112,
            "low": 104,
            "close": 105
          },
          {
            "date": "2025-01-06",
            "open": 105,
            "high": 115,
            "low": 100,
            "close": 112
          }
        ]
      }
    ]
  },
  "appearance": {
    "common": {
      "title": {
        "text": "OHLC Example"
      },
      "legend": {
        "show": false
      }
    },
    "axes": {
      "value": {
        "min": 90,
        "max": 120,
        "majorUnit": 5,
        "gridlines": "Major"
      }
    },
    "special": {
      "hiLoLines": true,
      "upDownBars": true
    }
  }
}